               epoch,      train/box_loss,      train/obj_loss,      train/cls_loss,   metrics/precision,      metrics/recall,     metrics/mAP_0.5,metrics/mAP_0.5:0.95,        val/box_loss,        val/obj_loss,        val/cls_loss,               x/lr0,               x/lr1,               x/lr2
                   0,             0.11509,            0.030372,            0.046852,           0.0010094,             0.24244,           0.0011417,          0.00032962,             0.07957,            0.022152,            0.036542,              0.0919,              0.0009,              0.0009
                   1,             0.08908,            0.033662,            0.042688,           0.0045479,             0.71046,            0.011162,           0.0031277,            0.058655,             0.02241,            0.033234,            0.082898,           0.0018981,           0.0018981
                   2,            0.072941,            0.035045,             0.03666,             0.59767,              0.1694,            0.089697,             0.02671,            0.058625,            0.018273,            0.031042,            0.073894,           0.0028943,           0.0028943
                   3,            0.066412,            0.029729,            0.033548,             0.12211,             0.37126,             0.12433,              0.0479,            0.059395,             0.01742,            0.028726,            0.064888,           0.0038884,           0.0038884
                   4,            0.065953,            0.026608,            0.031919,            0.085013,             0.26898,             0.14207,            0.046157,            0.062335,            0.015579,            0.027472,            0.055881,           0.0048806,           0.0048806
                   5,            0.066845,            0.025267,            0.029419,             0.29973,              0.4473,             0.27651,            0.096641,            0.056377,            0.014202,            0.024687,            0.046871,           0.0058708,           0.0058708
                   6,            0.067032,            0.023611,            0.026813,             0.17887,             0.39585,             0.21849,            0.097215,            0.064366,            0.012015,             0.02213,            0.037859,            0.006859,            0.006859
                   7,            0.068896,            0.022815,            0.022196,             0.28593,             0.51888,             0.29787,             0.12871,            0.053185,            0.012053,            0.018466,            0.028845,           0.0078453,           0.0078453
                   8,            0.065609,             0.02093,            0.018056,             0.30499,             0.49444,             0.31225,             0.12553,            0.060251,            0.011366,            0.016953,             0.01983,           0.0088295,           0.0088295
                   9,             0.06365,             0.01916,            0.016317,             0.36123,              0.5123,             0.37563,             0.15892,            0.054634,            0.011953,             0.01586,            0.010812,           0.0098118,           0.0098118
                  10,            0.061075,               0.019,            0.015388,             0.45322,             0.50583,              0.4583,             0.17609,            0.053334,            0.011996,            0.013605,            0.009901,            0.009901,            0.009901
                  11,            0.057881,            0.016777,            0.013534,             0.42378,             0.53094,             0.44346,             0.21014,            0.053722,            0.012652,            0.013286,            0.009901,            0.009901,            0.009901
                  12,            0.055805,            0.017504,             0.01201,             0.41747,             0.52686,             0.49476,               0.198,            0.050658,            0.012567,             0.01601,           0.0098911,           0.0098911,           0.0098911
                  13,            0.054301,            0.016375,            0.010508,             0.43541,             0.52888,             0.51307,             0.24992,            0.048327,            0.012398,            0.014944,           0.0098812,           0.0098812,           0.0098812
                  14,            0.050726,            0.015406,           0.0089116,             0.56563,             0.67104,             0.64202,             0.30707,            0.041923,             0.01088,            0.011806,           0.0098713,           0.0098713,           0.0098713
                  15,            0.047554,            0.015572,           0.0088652,             0.55847,             0.67631,             0.63018,             0.32244,             0.03959,            0.011112,             0.01138,           0.0098614,           0.0098614,           0.0098614
                  16,            0.047217,            0.014365,           0.0089003,             0.33511,             0.75534,             0.53799,             0.24927,            0.043045,            0.011011,            0.013163,           0.0098515,           0.0098515,           0.0098515
                  17,             0.04711,             0.01537,           0.0076125,             0.55247,             0.64683,             0.62131,             0.25876,            0.042171,            0.010667,            0.010228,           0.0098416,           0.0098416,           0.0098416
                  18,            0.045036,            0.014979,           0.0074379,              0.6258,             0.64478,             0.67027,             0.30985,            0.041577,             0.01044,            0.010387,           0.0098317,           0.0098317,           0.0098317
                  19,            0.043953,            0.015004,            0.008301,             0.69626,             0.72153,             0.73431,             0.33349,             0.03853,            0.010487,            0.010081,           0.0098218,           0.0098218,           0.0098218
                  20,            0.044304,            0.014667,           0.0064856,             0.66129,             0.74844,             0.70524,             0.33648,            0.038187,             0.01055,            0.011046,           0.0098119,           0.0098119,           0.0098119
                  21,            0.043995,            0.015857,            0.006873,             0.59492,             0.74588,             0.68034,             0.31057,            0.040814,             0.01103,           0.0085571,            0.009802,            0.009802,            0.009802
                  22,            0.042533,            0.014087,           0.0064538,             0.67733,             0.65982,             0.69566,             0.32763,             0.03937,            0.010318,            0.010596,           0.0097921,           0.0097921,           0.0097921
                  23,            0.042039,            0.014771,            0.006056,             0.79183,             0.68572,             0.74404,             0.34773,            0.036806,            0.010721,           0.0089447,           0.0097822,           0.0097822,           0.0097822
                  24,             0.04183,            0.014484,           0.0050894,             0.50209,             0.57507,             0.50178,             0.20818,             0.04737,            0.011471,            0.014146,           0.0097723,           0.0097723,           0.0097723
                  25,            0.040558,            0.015174,           0.0075465,             0.59584,             0.67872,             0.60329,             0.29844,            0.038054,            0.011475,            0.014038,           0.0097624,           0.0097624,           0.0097624
                  26,            0.040468,             0.01327,           0.0077195,             0.62663,             0.65043,             0.66615,             0.32794,            0.039718,            0.011325,            0.018636,           0.0097525,           0.0097525,           0.0097525
                  27,            0.040566,             0.01461,           0.0065781,             0.72909,             0.78329,             0.80219,              0.4131,            0.034083,            0.010398,             0.01049,           0.0097426,           0.0097426,           0.0097426
                  28,            0.040214,            0.012383,           0.0055789,             0.74743,             0.73552,             0.76465,             0.37927,            0.037042,            0.010525,           0.0086075,           0.0097327,           0.0097327,           0.0097327
                  29,            0.039247,            0.013742,           0.0047287,             0.71222,             0.67089,             0.73028,               0.344,            0.036185,            0.010375,            0.012692,           0.0097228,           0.0097228,           0.0097228
                  30,            0.039358,            0.013963,           0.0055763,             0.80083,             0.68392,             0.77596,             0.39793,            0.035568,            0.010704,            0.010423,           0.0097129,           0.0097129,           0.0097129
                  31,            0.036379,            0.013708,           0.0053299,             0.76479,             0.70917,             0.75119,             0.35659,            0.035899,            0.010751,            0.010156,            0.009703,            0.009703,            0.009703
                  32,            0.038171,            0.014104,           0.0049861,             0.74812,             0.76351,              0.7951,              0.4184,            0.035294,            0.010849,            0.011121,           0.0096931,           0.0096931,           0.0096931
                  33,             0.03751,            0.011817,           0.0055455,             0.81853,             0.69041,             0.78664,             0.34032,            0.036998,            0.010262,            0.010382,           0.0096832,           0.0096832,           0.0096832
                  34,             0.03709,            0.013755,           0.0044798,              0.7229,             0.79204,              0.7844,             0.41031,            0.031669,             0.01014,            0.011501,           0.0096733,           0.0096733,           0.0096733
                  35,            0.036531,            0.013516,           0.0046175,             0.69602,             0.76739,             0.78872,              0.3914,            0.032308,            0.010652,            0.013118,           0.0096634,           0.0096634,           0.0096634
                  36,            0.035996,            0.012716,           0.0055605,             0.83683,             0.83872,             0.86978,             0.43616,            0.032766,            0.010428,           0.0074242,           0.0096535,           0.0096535,           0.0096535
                  37,            0.037326,            0.014846,           0.0049543,              0.8398,             0.78976,              0.8365,             0.42199,            0.032963,            0.010256,           0.0092377,           0.0096436,           0.0096436,           0.0096436
                  38,            0.036438,            0.013636,           0.0052215,             0.80902,             0.73789,              0.8005,              0.4185,            0.033898,            0.010687,             0.01241,           0.0096337,           0.0096337,           0.0096337
                  39,            0.036056,            0.013854,           0.0056175,             0.80192,              0.7268,             0.76151,             0.36857,            0.037543,            0.011854,            0.011942,           0.0096238,           0.0096238,           0.0096238
                  40,            0.036674,            0.013944,           0.0047682,             0.80596,             0.75694,             0.80035,             0.40304,            0.034586,            0.011729,             0.01164,           0.0096139,           0.0096139,           0.0096139
                  41,            0.035006,             0.01322,           0.0047396,             0.71848,             0.77596,             0.71526,              0.3488,            0.035052,            0.011387,            0.012181,            0.009604,            0.009604,            0.009604
                  42,             0.03557,            0.012912,            0.003962,             0.87653,             0.83484,             0.88312,             0.43484,            0.032723,             0.01016,           0.0077759,           0.0095941,           0.0095941,           0.0095941
                  43,            0.034451,            0.012989,           0.0041158,             0.88311,             0.80578,             0.88953,             0.45071,            0.031845,            0.010402,           0.0089287,           0.0095842,           0.0095842,           0.0095842
                  44,            0.035003,            0.012732,           0.0039153,              0.8824,             0.78945,             0.89122,             0.46543,            0.030616,            0.010462,           0.0097458,           0.0095743,           0.0095743,           0.0095743
                  45,            0.034026,            0.012578,           0.0046804,             0.89436,             0.79665,             0.87869,             0.45634,            0.032483,            0.010534,             0.01049,           0.0095644,           0.0095644,           0.0095644
                  46,            0.032854,            0.012505,           0.0038473,             0.82337,             0.76293,              0.8111,             0.38537,            0.033444,            0.011442,            0.011992,           0.0095545,           0.0095545,           0.0095545
                  47,            0.035338,            0.013227,           0.0045507,             0.82442,             0.73306,             0.82173,             0.40745,            0.032662,            0.010491,            0.010428,           0.0095446,           0.0095446,           0.0095446
                  48,             0.03424,            0.012723,           0.0039247,             0.80357,             0.82027,             0.86914,             0.44777,            0.032143,            0.010047,            0.011279,           0.0095347,           0.0095347,           0.0095347
                  49,            0.033246,            0.012965,           0.0032207,             0.90923,             0.80704,             0.87347,             0.44772,            0.032345,           0.0099764,            0.013508,           0.0095248,           0.0095248,           0.0095248
                  50,            0.034152,            0.012412,           0.0049847,             0.86622,             0.76807,             0.81104,             0.38062,            0.032908,            0.010526,             0.01306,           0.0095149,           0.0095149,           0.0095149
                  51,            0.033454,            0.012405,           0.0038081,             0.80967,             0.76806,             0.82252,             0.40654,            0.032933,            0.010569,            0.012149,            0.009505,            0.009505,            0.009505
                  52,            0.032978,            0.012868,           0.0033462,             0.81402,             0.82669,             0.80721,             0.41874,            0.032026,            0.010809,             0.01018,           0.0094951,           0.0094951,           0.0094951
                  53,            0.032403,            0.013034,           0.0035543,             0.79439,             0.80287,             0.80015,             0.43058,            0.032473,            0.010774,            0.011331,           0.0094852,           0.0094852,           0.0094852
                  54,             0.03133,            0.012879,           0.0042871,             0.86446,             0.78112,             0.86105,             0.46783,            0.031992,            0.010424,           0.0084862,           0.0094753,           0.0094753,           0.0094753
                  55,            0.032517,            0.011553,           0.0038916,             0.83169,              0.8215,              0.8617,             0.43432,            0.032159,            0.010275,           0.0072731,           0.0094654,           0.0094654,           0.0094654
                  56,            0.032507,            0.012261,            0.003563,             0.83855,             0.82865,             0.85179,             0.46848,             0.02914,            0.010231,           0.0093628,           0.0094555,           0.0094555,           0.0094555
                  57,            0.031586,            0.011715,           0.0029471,             0.82026,             0.85145,              0.8676,             0.45428,            0.031966,            0.010265,           0.0096695,           0.0094456,           0.0094456,           0.0094456
                  58,            0.032351,            0.012458,           0.0037734,             0.85678,             0.80912,             0.86785,             0.48389,            0.030145,            0.010093,            0.010085,           0.0094357,           0.0094357,           0.0094357
                  59,            0.032782,            0.012142,           0.0035737,             0.83736,             0.80446,             0.82032,             0.44034,            0.031623,            0.010078,            0.016153,           0.0094258,           0.0094258,           0.0094258
                  60,            0.031097,            0.012381,           0.0037435,             0.83982,             0.77042,             0.83005,             0.43788,            0.032025,            0.010339,            0.016832,           0.0094159,           0.0094159,           0.0094159
                  61,            0.031064,            0.011776,           0.0041687,             0.90211,             0.77966,             0.84954,             0.46675,            0.031417,            0.010046,            0.010616,            0.009406,            0.009406,            0.009406
                  62,             0.02991,            0.012432,           0.0034253,             0.81792,             0.83458,             0.85717,             0.47558,            0.029995,            0.010094,           0.0092041,           0.0093961,           0.0093961,           0.0093961
                  63,            0.030569,            0.011956,           0.0035372,             0.79694,             0.80979,             0.84746,             0.46302,            0.031881,            0.010346,            0.011278,           0.0093862,           0.0093862,           0.0093862
                  64,            0.031522,             0.01234,           0.0036256,             0.80979,             0.76649,             0.81911,             0.45273,            0.031282,            0.010638,            0.013118,           0.0093763,           0.0093763,           0.0093763
                  65,            0.032544,            0.012143,           0.0042035,             0.78332,             0.70143,             0.73992,             0.39217,            0.031785,            0.011773,            0.013904,           0.0093664,           0.0093664,           0.0093664
                  66,            0.029942,            0.011722,           0.0033275,              0.8616,             0.80296,              0.8681,             0.49571,            0.030369,             0.01015,           0.0099518,           0.0093565,           0.0093565,           0.0093565
                  67,            0.032138,            0.011678,           0.0032097,             0.82517,             0.78463,             0.83577,             0.47269,            0.031365,            0.010328,            0.012196,           0.0093466,           0.0093466,           0.0093466
                  68,            0.030678,            0.011821,           0.0030079,             0.89321,             0.84493,             0.88616,             0.47951,            0.030588,           0.0097815,           0.0090164,           0.0093367,           0.0093367,           0.0093367
                  69,            0.030834,            0.011249,           0.0035486,              0.8533,             0.88352,              0.9068,              0.5093,            0.029622,           0.0099334,           0.0079216,           0.0093268,           0.0093268,           0.0093268
                  70,            0.030074,            0.011133,           0.0039894,              0.8525,              0.8845,             0.89888,             0.50476,            0.029674,            0.010033,           0.0082916,           0.0093169,           0.0093169,           0.0093169
                  71,            0.028924,            0.012321,           0.0030661,             0.90068,             0.84357,             0.89089,             0.49946,            0.029725,            0.010111,           0.0095589,            0.009307,            0.009307,            0.009307
                  72,            0.029233,            0.011695,           0.0031173,             0.75808,             0.79106,             0.83893,             0.45917,            0.031035,            0.010679,            0.013435,           0.0092971,           0.0092971,           0.0092971
                  73,            0.030375,            0.012797,           0.0029192,             0.86138,             0.79616,             0.84143,             0.43032,            0.031338,            0.010606,            0.011256,           0.0092872,           0.0092872,           0.0092872
                  74,            0.032189,            0.011461,           0.0027748,             0.85839,             0.78933,              0.8703,              0.4688,            0.029659,            0.010823,            0.010937,           0.0092773,           0.0092773,           0.0092773
                  75,            0.029502,            0.012873,           0.0029616,             0.81093,             0.77201,             0.82072,             0.45579,            0.029505,            0.010923,            0.014067,           0.0092674,           0.0092674,           0.0092674
                  76,            0.028244,            0.011349,           0.0029023,              0.8073,             0.83136,             0.85774,             0.48867,            0.028523,            0.010711,            0.010516,           0.0092575,           0.0092575,           0.0092575
                  77,            0.029498,            0.012074,           0.0024318,             0.75481,             0.82205,             0.84101,             0.47641,            0.030358,            0.010527,            0.010863,           0.0092476,           0.0092476,           0.0092476
                  78,            0.030471,            0.010649,           0.0028731,             0.86208,             0.82773,             0.86829,             0.49144,            0.029941,              0.0105,           0.0091095,           0.0092377,           0.0092377,           0.0092377
                  79,            0.028998,            0.011886,           0.0037594,             0.80929,             0.83438,             0.86869,             0.46516,            0.029767,            0.010436,           0.0087036,           0.0092278,           0.0092278,           0.0092278
                  80,            0.030223,            0.011454,           0.0030093,             0.80946,             0.83176,             0.82721,             0.41854,            0.031111,            0.010329,            0.011511,           0.0092179,           0.0092179,           0.0092179
                  81,            0.028065,            0.010824,           0.0028304,             0.77693,             0.82631,              0.8008,             0.43828,            0.030745,            0.010725,            0.012378,            0.009208,            0.009208,            0.009208
                  82,            0.027561,            0.011053,           0.0023855,              0.8785,             0.83734,             0.87024,             0.50565,            0.029525,            0.010031,           0.0086327,           0.0091981,           0.0091981,           0.0091981
                  83,            0.027894,            0.010963,           0.0025513,             0.90751,             0.79945,             0.87506,             0.49668,            0.030137,            0.010253,           0.0091202,           0.0091882,           0.0091882,           0.0091882
                  84,            0.025216,            0.010543,           0.0019229,             0.85191,             0.84981,             0.89178,              0.4957,            0.030951,            0.010427,           0.0077438,           0.0091783,           0.0091783,           0.0091783
                  85,             0.02913,            0.010735,           0.0021929,             0.87278,             0.83318,             0.88386,             0.48524,            0.030654,            0.010951,           0.0076294,           0.0091684,           0.0091684,           0.0091684
                  86,            0.028694,            0.011246,           0.0028385,             0.85918,             0.85783,             0.90682,             0.52256,            0.029031,            0.010275,           0.0078934,           0.0091585,           0.0091585,           0.0091585
                  87,            0.028186,            0.011522,           0.0019552,             0.90601,             0.85464,             0.90011,               0.503,            0.029612,            0.010382,           0.0071472,           0.0091486,           0.0091486,           0.0091486
                  88,            0.028796,            0.010648,           0.0029965,              0.9308,             0.83045,             0.89803,             0.49902,            0.030238,            0.010287,           0.0070869,           0.0091387,           0.0091387,           0.0091387
                  89,            0.028286,            0.010876,           0.0031054,             0.93465,              0.8141,             0.89504,             0.49961,            0.031097,            0.010477,           0.0074287,           0.0091288,           0.0091288,           0.0091288
                  90,            0.029915,            0.010914,           0.0030004,             0.91249,             0.81043,             0.88163,             0.49988,            0.031181,            0.011409,           0.0068913,           0.0091189,           0.0091189,           0.0091189
                  91,            0.028065,            0.011495,           0.0024399,             0.85158,             0.86846,             0.89445,             0.49337,            0.031366,            0.011262,           0.0066086,            0.009109,            0.009109,            0.009109
                  92,            0.028997,             0.01098,           0.0021708,             0.82917,             0.83374,             0.86643,             0.49446,            0.029609,            0.011233,           0.0093048,           0.0090991,           0.0090991,           0.0090991
                  93,            0.027483,            0.010482,           0.0022879,             0.94037,             0.77912,             0.89792,             0.49767,            0.029154,            0.011092,            0.008696,           0.0090892,           0.0090892,           0.0090892
                  94,            0.027611,            0.010287,           0.0024507,             0.92129,             0.82629,             0.89783,             0.49984,            0.030494,            0.011336,           0.0061615,           0.0090793,           0.0090793,           0.0090793
                  95,            0.026941,            0.011109,           0.0025764,              0.8729,             0.87098,             0.90876,             0.49918,            0.030214,            0.010656,           0.0060417,           0.0090694,           0.0090694,           0.0090694
                  96,            0.025935,           0.0099541,           0.0024003,             0.88179,             0.79976,             0.88719,             0.50758,            0.029762,            0.010574,            0.007238,           0.0090595,           0.0090595,           0.0090595
                  97,            0.025879,            0.010172,           0.0026129,             0.89301,             0.80664,             0.87905,             0.49358,            0.031174,            0.010645,            0.010019,           0.0090496,           0.0090496,           0.0090496
                  98,             0.02587,            0.010212,           0.0027788,             0.91616,             0.80788,             0.88845,             0.49835,            0.030579,            0.010895,            0.011462,           0.0090397,           0.0090397,           0.0090397
                  99,            0.028453,            0.010451,           0.0022725,             0.92894,             0.80105,             0.88997,             0.50002,            0.030393,            0.010823,            0.010252,           0.0090298,           0.0090298,           0.0090298
                 100,            0.027321,            0.010405,           0.0029059,             0.90554,             0.79812,             0.88107,             0.48831,            0.031298,             0.01118,           0.0080692,           0.0090199,           0.0090199,           0.0090199
                 101,            0.025978,            0.010205,           0.0034727,             0.90452,             0.78957,             0.87579,             0.49126,            0.030341,            0.011266,            0.010828,             0.00901,             0.00901,             0.00901
                 102,            0.026275,            0.010779,           0.0027518,             0.91521,             0.79678,             0.88471,             0.49646,            0.029454,            0.010623,            0.010566,           0.0090001,           0.0090001,           0.0090001
                 103,            0.025375,            0.010348,           0.0017199,             0.82383,             0.79136,              0.8432,             0.47553,            0.029273,            0.011317,              0.0129,           0.0089902,           0.0089902,           0.0089902
                 104,            0.026883,            0.010508,           0.0027538,             0.86394,             0.76574,             0.84009,             0.46563,            0.029862,            0.011557,            0.011592,           0.0089803,           0.0089803,           0.0089803
                 105,             0.02699,            0.010176,           0.0024989,             0.86528,             0.82143,              0.8556,             0.47731,            0.030378,            0.011081,            0.010558,           0.0089704,           0.0089704,           0.0089704
                 106,            0.025034,            0.010916,           0.0022412,             0.88403,             0.78346,             0.85141,             0.45527,            0.030055,            0.010852,            0.008535,           0.0089605,           0.0089605,           0.0089605
                 107,            0.025694,            0.011195,           0.0025407,             0.89574,             0.86123,             0.90767,             0.48976,            0.029697,            0.009999,           0.0079704,           0.0089506,           0.0089506,           0.0089506
                 108,             0.02607,           0.0097983,           0.0026441,             0.89906,             0.83005,             0.89826,             0.48236,            0.029939,            0.010392,           0.0083496,           0.0089407,           0.0089407,           0.0089407
                 109,            0.025275,            0.009976,           0.0024395,             0.85312,             0.84843,              0.8818,             0.48798,            0.029622,            0.010419,           0.0090591,           0.0089308,           0.0089308,           0.0089308
                 110,            0.025819,            0.010978,           0.0026583,             0.84006,             0.86066,             0.87742,             0.46686,            0.029483,            0.010991,           0.0090569,           0.0089209,           0.0089209,           0.0089209
                 111,            0.025651,            0.010307,           0.0019699,              0.9035,             0.79919,             0.87174,             0.49165,            0.028918,            0.010639,           0.0085426,            0.008911,            0.008911,            0.008911
                 112,             0.02603,            0.010011,           0.0022781,             0.85108,             0.84189,             0.87714,             0.47133,             0.03038,            0.010716,            0.009922,           0.0089011,           0.0089011,           0.0089011
                 113,            0.026216,            0.010715,           0.0024706,             0.90144,              0.8348,             0.89116,             0.49154,            0.029535,            0.010388,             0.01113,           0.0088912,           0.0088912,           0.0088912
                 114,            0.026045,            0.010797,           0.0023495,             0.90809,             0.82042,             0.88744,             0.50216,            0.028779,            0.010822,            0.010165,           0.0088813,           0.0088813,           0.0088813
                 115,            0.024841,            0.010135,           0.0021606,             0.87754,             0.82762,               0.879,             0.47949,            0.030031,            0.011382,           0.0097664,           0.0088714,           0.0088714,           0.0088714
                 116,            0.027368,            0.010759,           0.0020821,             0.90815,             0.81317,             0.85375,             0.50196,            0.029529,            0.011367,           0.0099396,           0.0088615,           0.0088615,           0.0088615
                 117,            0.024814,           0.0095752,           0.0021931,             0.90644,             0.83633,             0.87799,             0.50351,            0.029705,            0.010904,            0.010464,           0.0088516,           0.0088516,           0.0088516
                 118,            0.024327,            0.010948,           0.0019625,             0.91348,             0.83127,             0.87265,             0.50947,            0.028649,            0.010669,             0.01058,           0.0088417,           0.0088417,           0.0088417
                 119,            0.025599,           0.0091005,           0.0016681,             0.94462,             0.82148,             0.87865,             0.49638,            0.029128,            0.010743,            0.010284,           0.0088318,           0.0088318,           0.0088318
                 120,            0.024127,           0.0093794,            0.001805,             0.87779,             0.78359,             0.84027,             0.48248,             0.02871,            0.011354,            0.011764,           0.0088219,           0.0088219,           0.0088219
                 121,            0.024776,           0.0098858,           0.0018021,              0.8639,             0.82552,             0.83155,             0.48034,            0.028508,            0.010817,            0.012825,            0.008812,            0.008812,            0.008812
                 122,            0.024978,            0.010086,            0.002395,             0.86089,             0.84377,             0.84765,             0.50326,            0.028547,            0.011137,            0.011651,           0.0088021,           0.0088021,           0.0088021
                 123,            0.024123,           0.0095226,           0.0022901,             0.86503,             0.84539,             0.87347,             0.50836,            0.028793,            0.011296,            0.010262,           0.0087922,           0.0087922,           0.0087922
                 124,             0.02389,           0.0097722,           0.0020791,             0.91689,             0.80944,             0.87899,             0.51246,            0.028801,            0.011168,              0.0106,           0.0087823,           0.0087823,           0.0087823
                 125,            0.025695,            0.010379,           0.0027979,             0.85074,             0.86193,             0.88178,             0.51189,            0.028825,            0.010909,           0.0099876,           0.0087724,           0.0087724,           0.0087724
                 126,            0.024016,            0.010333,           0.0021201,             0.84875,             0.83272,               0.888,             0.51768,            0.028397,            0.010636,            0.010262,           0.0087625,           0.0087625,           0.0087625
                 127,            0.023409,            0.010099,           0.0020309,             0.85028,             0.80849,             0.86698,             0.50463,            0.029121,            0.010839,            0.010786,           0.0087526,           0.0087526,           0.0087526
                 128,            0.027215,            0.010074,           0.0022935,             0.88943,             0.77413,              0.8452,             0.49975,            0.029131,            0.011796,             0.01283,           0.0087427,           0.0087427,           0.0087427
                 129,            0.023949,            0.010397,           0.0017973,              0.8681,             0.77447,             0.82241,             0.48509,            0.029173,            0.012176,            0.012199,           0.0087328,           0.0087328,           0.0087328
                 130,            0.024746,           0.0090568,           0.0015261,             0.88857,             0.79108,             0.84638,             0.48398,            0.028793,            0.012544,            0.010273,           0.0087229,           0.0087229,           0.0087229
                 131,            0.022792,           0.0096607,           0.0016739,              0.9223,             0.79305,             0.87138,             0.50878,            0.028052,            0.012105,           0.0090302,            0.008713,            0.008713,            0.008713
                 132,            0.024181,           0.0085897,           0.0014572,             0.91611,             0.81316,             0.87167,             0.51643,            0.027819,            0.011632,           0.0092445,           0.0087031,           0.0087031,           0.0087031
                 133,             0.02257,           0.0093623,           0.0019883,             0.90084,             0.84056,             0.88472,             0.51677,            0.027988,            0.011482,           0.0080521,           0.0086932,           0.0086932,           0.0086932
                 134,            0.023754,           0.0095073,           0.0019963,             0.90783,             0.83934,             0.88793,             0.52462,            0.027892,            0.011442,           0.0076042,           0.0086833,           0.0086833,           0.0086833
                 135,            0.021665,           0.0091299,            0.002363,             0.87234,             0.84989,              0.8847,             0.51832,            0.027807,            0.011414,            0.007888,           0.0086734,           0.0086734,           0.0086734
                 136,            0.023306,           0.0094345,           0.0016518,             0.90441,             0.81655,              0.8584,             0.49653,            0.027849,            0.011555,            0.010323,           0.0086635,           0.0086635,           0.0086635
                 137,            0.024854,           0.0096623,           0.0016082,             0.90225,             0.79804,             0.85233,             0.49927,            0.028814,            0.011727,           0.0096428,           0.0086536,           0.0086536,           0.0086536
                 138,            0.022017,           0.0095328,           0.0014771,              0.8632,             0.82149,             0.86487,             0.49223,            0.029145,            0.011723,            0.008239,           0.0086437,           0.0086437,           0.0086437
                 139,            0.023199,           0.0090658,           0.0017589,             0.83579,             0.85135,             0.86241,              0.4792,            0.029464,            0.011956,            0.007917,           0.0086338,           0.0086338,           0.0086338
                 140,            0.024036,           0.0088296,           0.0016975,             0.89091,             0.76076,             0.84597,             0.47459,            0.030281,            0.012144,           0.0086491,           0.0086239,           0.0086239,           0.0086239
                 141,            0.023623,           0.0099481,           0.0020737,             0.88512,             0.81873,             0.86382,             0.49537,            0.028664,            0.011351,           0.0086197,            0.008614,            0.008614,            0.008614
                 142,            0.023968,           0.0096729,           0.0016763,             0.89036,             0.80581,             0.86745,             0.51878,              0.0286,            0.011552,           0.0093796,           0.0086041,           0.0086041,           0.0086041
                 143,            0.024009,           0.0093387,            0.001516,             0.91325,             0.79731,             0.86395,             0.51233,            0.028511,            0.011495,           0.0081566,           0.0085942,           0.0085942,           0.0085942
                 144,             0.02163,           0.0094499,           0.0022277,             0.91109,             0.82157,             0.86763,             0.50542,             0.02864,            0.011246,            0.010733,           0.0085843,           0.0085843,           0.0085843
                 145,            0.023269,           0.0091732,           0.0013744,             0.90423,             0.81077,             0.87405,             0.49407,            0.029035,            0.011474,            0.010143,           0.0085744,           0.0085744,           0.0085744
                 146,            0.024402,           0.0097452,           0.0017635,              0.8468,              0.8227,             0.84933,             0.49179,            0.029102,            0.011677,            0.011144,           0.0085645,           0.0085645,           0.0085645
                 147,            0.023665,           0.0097959,           0.0016769,             0.84184,              0.8459,             0.85616,             0.50902,            0.028453,            0.011746,            0.010979,           0.0085546,           0.0085546,           0.0085546
                 148,            0.022763,            0.010435,           0.0018945,              0.8738,             0.85467,             0.89027,             0.52482,            0.028125,            0.011149,            0.010587,           0.0085447,           0.0085447,           0.0085447
                 149,            0.022258,           0.0091942,           0.0023488,             0.90618,             0.84258,             0.88524,             0.51123,            0.028228,             0.01089,            0.010073,           0.0085348,           0.0085348,           0.0085348
                 150,            0.023246,           0.0097746,           0.0026213,             0.92742,             0.79344,             0.87905,             0.49045,            0.028584,            0.011833,           0.0093941,           0.0085249,           0.0085249,           0.0085249
                 151,            0.022935,            0.009382,           0.0013219,              0.9547,             0.79921,             0.88447,             0.50489,            0.028716,            0.011966,           0.0082661,            0.008515,            0.008515,            0.008515
                 152,             0.02353,           0.0095374,           0.0014775,              0.9326,             0.82551,             0.87027,             0.52033,            0.028456,             0.01145,           0.0073212,           0.0085051,           0.0085051,           0.0085051
                 153,             0.02242,            0.008789,           0.0016943,             0.92288,             0.81888,             0.87674,             0.53425,             0.02757,            0.011724,           0.0066322,           0.0084952,           0.0084952,           0.0084952
                 154,            0.021745,           0.0095672,            0.002124,             0.92831,             0.79635,             0.86322,             0.51376,            0.028268,            0.012563,           0.0073681,           0.0084853,           0.0084853,           0.0084853
                 155,            0.024353,           0.0096487,            0.001934,             0.91303,              0.7827,             0.85661,             0.50086,            0.028582,            0.013357,           0.0068905,           0.0084754,           0.0084754,           0.0084754
                 156,            0.021012,           0.0093929,           0.0016432,             0.90246,             0.78565,             0.87022,             0.51757,            0.027975,            0.012744,           0.0061844,           0.0084655,           0.0084655,           0.0084655
                 157,            0.022136,           0.0087911,           0.0019549,             0.82776,             0.85135,             0.85971,             0.50089,             0.02925,            0.013356,           0.0066017,           0.0084556,           0.0084556,           0.0084556
                 158,            0.022099,           0.0094289,           0.0023963,             0.90284,             0.79641,             0.86068,             0.48892,            0.029202,            0.012514,           0.0055016,           0.0084457,           0.0084457,           0.0084457
                 159,            0.022084,           0.0088299,           0.0018538,             0.89081,             0.81157,             0.86618,             0.50921,            0.028409,            0.012391,           0.0065163,           0.0084358,           0.0084358,           0.0084358
                 160,            0.022841,           0.0093352,           0.0015115,              0.8679,             0.83184,              0.8727,             0.49908,            0.029278,            0.012514,           0.0066509,           0.0084259,           0.0084259,           0.0084259
                 161,             0.02316,           0.0092342,           0.0016098,             0.89873,             0.83206,             0.90687,             0.52127,            0.028329,            0.011424,           0.0088657,            0.008416,            0.008416,            0.008416
                 162,            0.020791,            0.008694,            0.002004,             0.89776,             0.84974,             0.90067,             0.52513,            0.027404,            0.011118,           0.0086792,           0.0084061,           0.0084061,           0.0084061
                 163,            0.022642,           0.0087658,           0.0015097,             0.92331,              0.8061,             0.88164,              0.4901,            0.028718,            0.011309,           0.0090378,           0.0083962,           0.0083962,           0.0083962
                 164,            0.022634,            0.009556,           0.0014447,             0.92698,             0.81273,             0.88717,              0.5147,            0.028661,            0.011749,           0.0088799,           0.0083863,           0.0083863,           0.0083863
                 165,            0.020841,           0.0091026,           0.0017976,             0.89613,             0.81519,             0.88903,             0.51489,            0.028713,            0.011703,           0.0097565,           0.0083764,           0.0083764,           0.0083764
                 166,            0.021422,           0.0092292,           0.0012603,             0.88019,             0.84568,             0.89236,             0.52019,            0.028681,            0.011585,           0.0088478,           0.0083665,           0.0083665,           0.0083665
                 167,            0.020173,           0.0090553,           0.0013563,             0.92445,             0.84378,             0.90086,             0.53733,            0.028092,            0.011772,            0.006842,           0.0083566,           0.0083566,           0.0083566
                 168,            0.021741,           0.0086234,           0.0017362,             0.91253,             0.84477,             0.89572,             0.52703,            0.027974,            0.011791,           0.0060379,           0.0083467,           0.0083467,           0.0083467
                 169,             0.02224,            0.009298,           0.0018431,             0.90145,             0.86175,             0.89842,             0.52787,            0.028145,             0.01165,           0.0067101,           0.0083368,           0.0083368,           0.0083368
                 170,            0.021372,           0.0085149,           0.0019405,             0.90095,             0.83869,             0.89549,             0.50006,             0.02885,            0.011998,            0.007119,           0.0083269,           0.0083269,           0.0083269
                 171,            0.021563,           0.0082469,            0.001573,              0.9131,             0.82426,             0.89166,             0.50804,            0.028696,             0.01203,           0.0074287,            0.008317,            0.008317,            0.008317
                 172,            0.020709,           0.0083333,           0.0019119,             0.84489,             0.85732,              0.8754,             0.51172,            0.028158,            0.012146,           0.0091965,           0.0083071,           0.0083071,           0.0083071
                 173,            0.020306,           0.0086465,           0.0015198,             0.86358,             0.80793,             0.84222,             0.49744,            0.028751,            0.013388,            0.011217,           0.0082972,           0.0082972,           0.0082972
                 174,            0.020381,           0.0088951,           0.0018087,             0.89251,             0.77744,             0.85895,             0.53196,             0.02752,            0.011878,            0.010676,           0.0082873,           0.0082873,           0.0082873
                 175,            0.021299,            0.009313,           0.0012507,             0.91739,             0.79491,             0.87635,              0.5332,            0.027545,            0.012028,           0.0097061,           0.0082774,           0.0082774,           0.0082774
                 176,            0.020197,           0.0077578,           0.0011678,             0.86199,              0.8529,             0.88751,             0.52967,            0.027867,            0.012103,            0.010413,           0.0082675,           0.0082675,           0.0082675
                 177,            0.021363,           0.0079901,           0.0010798,             0.90882,             0.83353,             0.88356,             0.51651,              0.0285,            0.012034,            0.010641,           0.0082576,           0.0082576,           0.0082576
                 178,            0.021688,            0.008879,           0.0012368,             0.93426,             0.80706,             0.88171,             0.53342,            0.027733,            0.012143,            0.010392,           0.0082477,           0.0082477,           0.0082477
                 179,            0.020988,           0.0082184,           0.0013202,             0.93294,             0.83138,             0.88564,             0.53857,              0.0278,            0.012249,           0.0083149,           0.0082378,           0.0082378,           0.0082378
                 180,            0.020459,           0.0085868,           0.0017037,              0.9159,             0.84078,             0.90142,             0.52364,            0.027792,             0.01196,           0.0070866,           0.0082279,           0.0082279,           0.0082279
                 181,            0.021167,           0.0089891,           0.0011348,             0.92101,             0.82367,             0.88586,              0.5148,            0.028005,            0.012069,            0.008535,            0.008218,            0.008218,            0.008218
                 182,            0.018892,           0.0086508,            0.001541,             0.92723,               0.809,             0.86463,             0.50813,            0.028197,            0.012044,           0.0092583,           0.0082081,           0.0082081,           0.0082081
                 183,            0.021194,           0.0082557,           0.0015298,             0.89758,              0.8228,             0.86002,             0.50562,            0.028742,            0.012581,            0.009111,           0.0081982,           0.0081982,           0.0081982
                 184,            0.020231,           0.0087857,           0.0017153,             0.86582,             0.83417,             0.86359,              0.5015,            0.028796,            0.012313,            0.010699,           0.0081883,           0.0081883,           0.0081883
                 185,            0.021397,           0.0091602,            0.002021,             0.90228,             0.85115,             0.87768,             0.51701,            0.028344,            0.011692,             0.01003,           0.0081784,           0.0081784,           0.0081784
                 186,            0.020284,           0.0077146,           0.0010818,             0.91923,             0.83962,             0.89435,             0.51816,            0.029209,            0.011454,           0.0080975,           0.0081685,           0.0081685,           0.0081685
                 187,            0.021275,           0.0083364,           0.0015069,             0.89378,             0.86869,             0.89714,             0.52176,            0.028058,            0.012045,           0.0066288,           0.0081586,           0.0081586,           0.0081586
                 188,            0.018825,           0.0083702,           0.0010343,             0.93991,             0.83099,             0.89569,              0.5223,            0.028114,            0.012018,           0.0069569,           0.0081487,           0.0081487,           0.0081487
                 189,            0.021758,           0.0083564,            0.001869,             0.91026,             0.84274,             0.89994,             0.51902,            0.028356,            0.012796,           0.0076996,           0.0081388,           0.0081388,           0.0081388
                 190,            0.021065,           0.0084203,           0.0016408,             0.88229,             0.84131,             0.88797,             0.52553,             0.02786,             0.01258,           0.0095215,           0.0081289,           0.0081289,           0.0081289
                 191,            0.020554,           0.0080137,           0.0012271,              0.8709,             0.82117,             0.87491,             0.50667,            0.028045,             0.01296,           0.0096062,            0.008119,            0.008119,            0.008119
                 192,            0.019329,           0.0087212,           0.0013069,             0.91933,             0.77989,             0.85813,             0.51545,             0.02819,            0.013294,           0.0093769,           0.0081091,           0.0081091,           0.0081091
                 193,            0.021461,           0.0089413,           0.0019935,              0.9328,             0.79538,             0.86042,             0.52008,            0.028539,            0.013225,           0.0080368,           0.0080992,           0.0080992,           0.0080992
                 194,            0.019642,           0.0087454,           0.0016074,             0.92853,             0.82538,             0.87463,             0.52098,            0.028376,            0.013218,           0.0071587,           0.0080893,           0.0080893,           0.0080893
                 195,            0.020681,           0.0087941,           0.0021073,             0.87106,             0.84362,             0.88976,             0.51311,            0.028523,            0.012477,           0.0069534,           0.0080794,           0.0080794,           0.0080794
                 196,            0.020369,           0.0076036,           0.0015991,             0.89278,             0.82619,             0.87895,             0.51741,            0.028042,            0.012393,            0.007579,           0.0080695,           0.0080695,           0.0080695
                 197,            0.020248,            0.008468,           0.0015458,             0.85188,             0.79288,               0.851,             0.50424,            0.028417,            0.012692,           0.0072319,           0.0080596,           0.0080596,           0.0080596
                 198,            0.019829,           0.0084493,           0.0014521,             0.82397,             0.78456,             0.84133,             0.48678,            0.029477,            0.013571,           0.0092339,           0.0080497,           0.0080497,           0.0080497
                 199,            0.020166,           0.0088962,            0.001317,               0.827,             0.80674,             0.84816,             0.48516,            0.029936,             0.01407,           0.0095291,           0.0080398,           0.0080398,           0.0080398
                 200,            0.019866,           0.0087232,           0.0018668,             0.84991,             0.79945,             0.85503,             0.48852,             0.02962,            0.014071,           0.0094795,           0.0080299,           0.0080299,           0.0080299
                 201,             0.01992,           0.0077207,           0.0028665,             0.87714,              0.7601,             0.84021,             0.49147,            0.029616,            0.014258,           0.0098488,             0.00802,             0.00802,             0.00802
                 202,            0.019728,           0.0084849,           0.0015382,             0.90022,             0.78759,             0.86869,             0.51337,            0.029233,            0.013306,           0.0076256,           0.0080101,           0.0080101,           0.0080101
                 203,             0.01947,           0.0072828,           0.0017062,              0.9315,             0.81568,              0.8963,             0.50777,            0.028676,            0.012636,           0.0071121,           0.0080002,           0.0080002,           0.0080002
                 204,            0.019207,           0.0082016,           0.0019122,             0.85853,             0.85967,             0.88174,             0.50533,            0.029034,            0.012783,           0.0078178,           0.0079903,           0.0079903,           0.0079903
                 205,            0.020181,             0.00903,           0.0014583,             0.90406,             0.82288,             0.90451,             0.51398,            0.028721,             0.01243,           0.0081295,           0.0079804,           0.0079804,           0.0079804
                 206,            0.019199,           0.0078286,           0.0015929,             0.89122,             0.84424,             0.89166,              0.5216,            0.028476,            0.012321,           0.0077393,           0.0079705,           0.0079705,           0.0079705
                 207,             0.02032,           0.0083983,             0.00168,             0.89125,             0.84367,             0.89835,             0.52685,            0.028334,            0.012702,           0.0071922,           0.0079606,           0.0079606,           0.0079606
                 208,             0.02111,           0.0089296,           0.0017829,             0.92425,             0.76786,             0.84556,             0.49488,            0.028853,            0.012887,           0.0069977,           0.0079507,           0.0079507,           0.0079507
                 209,            0.019628,           0.0082613,           0.0011907,             0.94993,             0.78076,             0.85324,             0.50228,            0.028485,            0.012885,           0.0056114,           0.0079408,           0.0079408,           0.0079408
                 210,            0.020131,           0.0079165,           0.0017486,             0.93867,             0.76946,             0.86577,             0.50722,            0.028604,            0.012426,           0.0062988,           0.0079309,           0.0079309,           0.0079309
                 211,            0.019452,           0.0086107,           0.0013417,             0.89645,             0.78248,             0.87447,             0.51162,            0.028493,            0.012071,           0.0072273,            0.007921,            0.007921,            0.007921
                 212,             0.01976,           0.0080365,           0.0014682,             0.85681,             0.79211,             0.86007,             0.49951,            0.029354,            0.012304,           0.0089439,           0.0079111,           0.0079111,           0.0079111
                 213,             0.01927,            0.007674,           0.0014655,             0.88733,             0.80842,             0.85497,             0.49376,            0.029279,            0.012954,           0.0087158,           0.0079012,           0.0079012,           0.0079012
                 214,            0.019034,           0.0080754,           0.0014037,             0.96546,              0.7792,             0.87573,             0.50286,            0.029608,            0.013197,           0.0084187,           0.0078913,           0.0078913,           0.0078913
                 215,            0.019344,           0.0086467,           0.0012504,             0.94014,             0.79966,             0.88504,             0.51233,              0.0293,            0.013278,           0.0068188,           0.0078814,           0.0078814,           0.0078814
                 216,            0.019856,           0.0084587,           0.0015519,             0.89729,             0.83968,             0.88752,              0.5108,            0.028983,            0.013301,           0.0074978,           0.0078715,           0.0078715,           0.0078715
                 217,            0.018465,           0.0089104,           0.0011601,             0.91104,             0.82154,             0.88528,             0.51594,            0.028848,            0.012986,           0.0096504,           0.0078616,           0.0078616,           0.0078616
                 218,            0.018478,           0.0081736,           0.0011641,             0.90177,             0.79813,             0.88726,             0.52107,            0.029397,            0.012632,            0.010168,           0.0078517,           0.0078517,           0.0078517
                 219,            0.018991,            0.008789,           0.0017672,             0.93957,             0.80079,             0.90152,             0.52345,            0.028857,            0.012489,            0.010096,           0.0078418,           0.0078418,           0.0078418
                 220,             0.01829,           0.0091032,           0.0011894,             0.88986,             0.84429,             0.89664,             0.52275,            0.028641,            0.012333,             0.01009,           0.0078319,           0.0078319,           0.0078319
                 221,            0.018648,           0.0076561,           0.0014274,             0.88366,             0.84779,             0.88541,             0.52811,            0.028429,            0.012407,           0.0091324,            0.007822,            0.007822,            0.007822
                 222,            0.018632,           0.0081112,           0.0013192,             0.91122,              0.8492,              0.8888,             0.51653,            0.028756,            0.012731,           0.0087116,           0.0078121,           0.0078121,           0.0078121
                 223,            0.019526,           0.0082663,           0.0016618,             0.90598,             0.83043,             0.88059,             0.50988,            0.029567,            0.012931,           0.0085915,           0.0078022,           0.0078022,           0.0078022
                 224,            0.021016,           0.0091519,           0.0011976,             0.90007,             0.83789,             0.88817,             0.51974,            0.029357,            0.012456,           0.0076385,           0.0077923,           0.0077923,           0.0077923
                 225,            0.018446,           0.0081071,           0.0016108,             0.94076,             0.80203,             0.87721,             0.52367,            0.028303,            0.011983,           0.0072601,           0.0077824,           0.0077824,           0.0077824
                 226,            0.018009,            0.008046,           0.0013388,             0.95657,             0.80468,             0.89846,             0.53278,            0.028009,            0.011862,           0.0066856,           0.0077725,           0.0077725,           0.0077725
                 227,            0.019074,           0.0084172,           0.0011081,             0.91664,             0.84059,             0.88978,             0.53428,             0.02776,            0.012051,           0.0067451,           0.0077626,           0.0077626,           0.0077626
                 228,            0.019655,           0.0079999,           0.0012359,             0.90982,              0.8482,              0.8914,             0.54031,            0.027743,             0.01253,            0.006736,           0.0077527,           0.0077527,           0.0077527
                 229,            0.018189,           0.0075742,           0.0014083,             0.85275,             0.86141,              0.8818,             0.53164,            0.027741,            0.012285,           0.0068741,           0.0077428,           0.0077428,           0.0077428
                 230,            0.018667,           0.0084398,           0.0016934,             0.82098,             0.84333,             0.87838,             0.51135,            0.028679,            0.012802,           0.0070297,           0.0077329,           0.0077329,           0.0077329
                 231,            0.019198,           0.0080894,           0.0016619,             0.89922,             0.79193,             0.87574,             0.50631,            0.028597,            0.012736,            0.006839,            0.007723,            0.007723,            0.007723
                 232,             0.01799,             0.00728,           0.0013419,             0.86603,             0.82434,             0.87655,             0.51368,            0.028465,            0.012632,            0.007196,           0.0077131,           0.0077131,           0.0077131
                 233,             0.01747,           0.0079236,           0.0013956,             0.84778,              0.8562,             0.88892,             0.52537,            0.028496,            0.012721,           0.0070202,           0.0077032,           0.0077032,           0.0077032
                 234,            0.018277,           0.0079906,           0.0013078,             0.89722,             0.81775,              0.8879,              0.5158,            0.028445,            0.012728,            0.007465,           0.0076933,           0.0076933,           0.0076933
                 235,            0.018075,           0.0078334,           0.0010488,             0.92255,             0.79587,              0.8784,             0.52143,            0.028698,            0.012993,           0.0082279,           0.0076834,           0.0076834,           0.0076834
                 236,            0.017261,           0.0074083,           0.0014086,             0.93662,             0.80814,             0.88692,             0.51848,            0.028784,            0.012827,           0.0083057,           0.0076735,           0.0076735,           0.0076735
                 237,            0.017601,            0.007891,           0.0012997,             0.89428,             0.84299,             0.88084,              0.5116,            0.029627,            0.013144,           0.0076691,           0.0076636,           0.0076636,           0.0076636
                 238,            0.018046,           0.0084655,           0.0011469,             0.89036,             0.85845,             0.89384,             0.51286,            0.029571,            0.013102,           0.0069931,           0.0076537,           0.0076537,           0.0076537
                 239,            0.018276,           0.0079649,           0.0014781,             0.87495,             0.85297,             0.88353,             0.51421,            0.029154,            0.013217,            0.006929,           0.0076438,           0.0076438,           0.0076438
                 240,             0.01882,           0.0081234,           0.0011968,             0.91978,             0.83904,             0.89873,             0.52561,            0.029275,            0.012873,           0.0057579,           0.0076339,           0.0076339,           0.0076339
                 241,            0.017984,           0.0076189,            0.001531,              0.9271,             0.82208,             0.89195,             0.52944,            0.028707,            0.012436,           0.0053654,            0.007624,            0.007624,            0.007624
                 242,            0.017551,           0.0074496,            0.001341,             0.90794,              0.8698,             0.91109,              0.5362,            0.028135,            0.012388,           0.0067375,           0.0076141,           0.0076141,           0.0076141
                 243,            0.017557,           0.0075755,           0.0018061,             0.88768,             0.86282,              0.9041,             0.52365,            0.028221,            0.012868,           0.0060413,           0.0076042,           0.0076042,           0.0076042
                 244,            0.018722,           0.0083948,           0.0014789,             0.88359,             0.85125,             0.89244,             0.51885,            0.028091,            0.013114,           0.0063721,           0.0075943,           0.0075943,           0.0075943
                 245,            0.017926,           0.0072741,            0.001119,             0.93558,             0.81116,             0.88695,             0.53141,            0.028503,            0.013309,           0.0061672,           0.0075844,           0.0075844,           0.0075844
                 246,            0.017296,           0.0081281,            0.001158,             0.92754,             0.83849,             0.88546,             0.53365,            0.028292,            0.013322,           0.0049351,           0.0075745,           0.0075745,           0.0075745
                 247,            0.018187,            0.007239,           0.0014421,              0.9521,             0.79044,             0.87383,             0.53024,            0.028864,            0.013724,           0.0052074,           0.0075646,           0.0075646,           0.0075646
                 248,            0.017232,           0.0076201,           0.0012875,             0.92944,             0.81685,             0.86616,             0.52818,            0.028521,            0.013898,           0.0055176,           0.0075547,           0.0075547,           0.0075547
                 249,            0.017262,           0.0083124,           0.0011929,             0.87685,             0.83722,             0.86767,             0.52706,            0.028465,            0.013782,           0.0061737,           0.0075448,           0.0075448,           0.0075448
                 250,            0.017538,           0.0076399,          0.00099579,             0.89874,             0.82493,             0.85544,             0.52334,             0.02829,               0.014,           0.0074631,           0.0075349,           0.0075349,           0.0075349
                 251,            0.018816,           0.0071811,             0.00117,             0.90317,              0.8331,             0.86419,             0.51671,            0.028326,            0.013844,           0.0070267,            0.007525,            0.007525,            0.007525
                 252,            0.017272,           0.0072846,           0.0010664,             0.90845,             0.80504,             0.86424,             0.50904,            0.028515,            0.013824,           0.0075394,           0.0075151,           0.0075151,           0.0075151
                 253,            0.017009,           0.0077709,          0.00099139,             0.90105,             0.80803,             0.86541,             0.51737,            0.028242,            0.013761,           0.0076637,           0.0075052,           0.0075052,           0.0075052
                 254,            0.017387,           0.0079558,            0.001477,             0.93321,             0.79491,             0.88451,             0.52547,            0.028323,            0.013264,           0.0079414,           0.0074953,           0.0074953,           0.0074953
                 255,            0.016731,           0.0077563,           0.0012609,             0.94186,             0.79291,             0.87119,             0.52424,            0.028105,            0.012833,            0.008643,           0.0074854,           0.0074854,           0.0074854
                 256,             0.01686,           0.0072043,          0.00086143,             0.94374,             0.79254,             0.87896,             0.52184,            0.028139,            0.012907,           0.0084793,           0.0074755,           0.0074755,           0.0074755
                 257,            0.016555,           0.0073445,           0.0012114,             0.92718,             0.81172,             0.88562,             0.53019,            0.027845,            0.012805,           0.0071671,           0.0074656,           0.0074656,           0.0074656
                 258,            0.017348,           0.0078908,           0.0013878,              0.9616,             0.78029,             0.89794,              0.5269,            0.028163,            0.013058,           0.0066395,           0.0074557,           0.0074557,           0.0074557
                 259,            0.017918,           0.0073389,           0.0013252,             0.89276,             0.84569,             0.89991,             0.52991,            0.028147,            0.013253,           0.0070251,           0.0074458,           0.0074458,           0.0074458
                 260,            0.018151,           0.0080525,          0.00096255,             0.93054,             0.80784,             0.88523,             0.51968,            0.028314,            0.013439,           0.0079086,           0.0074359,           0.0074359,           0.0074359
                 261,             0.01881,           0.0077905,           0.0011018,             0.87279,             0.81503,             0.86618,             0.50722,            0.029262,             0.01367,           0.0081573,            0.007426,            0.007426,            0.007426
                 262,            0.017931,           0.0079414,           0.0013208,             0.86968,             0.83003,              0.8847,             0.52699,            0.028192,            0.013389,           0.0080807,           0.0074161,           0.0074161,           0.0074161
                 263,            0.018198,           0.0073185,           0.0017927,             0.91378,               0.795,             0.89241,              0.5369,            0.028366,            0.013056,           0.0080868,           0.0074062,           0.0074062,           0.0074062
                 264,            0.017354,           0.0076224,           0.0010118,             0.89912,             0.84982,             0.89603,             0.53242,            0.028355,            0.013011,           0.0080441,           0.0073963,           0.0073963,           0.0073963
                 265,            0.016664,            0.007403,          0.00084109,             0.89867,             0.82869,             0.87398,             0.51953,            0.028503,            0.012919,           0.0091061,           0.0073864,           0.0073864,           0.0073864
                 266,            0.016348,            0.007792,           0.0015472,              0.9498,             0.77644,             0.87444,             0.50946,             0.02862,              0.0133,           0.0082668,           0.0073765,           0.0073765,           0.0073765
                 267,            0.017066,           0.0076666,           0.0010232,             0.92757,             0.79487,             0.86032,             0.50999,            0.028351,             0.01317,            0.008807,           0.0073666,           0.0073666,           0.0073666
                 268,            0.017065,            0.008249,            0.001055,             0.94301,             0.79345,              0.8811,             0.51556,            0.028312,            0.013067,           0.0088684,           0.0073567,           0.0073567,           0.0073567
                 269,            0.018072,           0.0074572,           0.0010305,              0.8951,             0.82965,             0.88349,             0.52577,            0.028024,            0.013478,           0.0076725,           0.0073468,           0.0073468,           0.0073468
                 270,             0.01645,           0.0074505,           0.0013632,             0.93466,             0.79225,             0.88467,             0.52069,            0.028205,            0.013451,           0.0074814,           0.0073369,           0.0073369,           0.0073369
                 271,            0.017253,           0.0080158,           0.0010576,              0.8723,             0.84022,               0.878,             0.52829,            0.028037,            0.012779,           0.0087997,            0.007327,            0.007327,            0.007327
                 272,            0.018002,           0.0074934,          0.00098616,             0.90684,              0.7907,             0.86443,             0.51795,             0.02838,            0.013334,           0.0087166,           0.0073171,           0.0073171,           0.0073171
                 273,            0.016065,           0.0066848,           0.0010521,             0.87611,             0.82616,             0.85541,             0.51723,            0.028691,            0.013767,           0.0084152,           0.0073072,           0.0073072,           0.0073072
                 274,            0.017146,           0.0076697,           0.0011548,             0.85979,             0.82932,             0.85913,              0.5228,            0.028445,            0.013481,            0.008934,           0.0072973,           0.0072973,           0.0072973
                 275,            0.017372,           0.0071124,           0.0009864,             0.86855,             0.84921,             0.86541,             0.51379,             0.02828,            0.013047,           0.0086128,           0.0072874,           0.0072874,           0.0072874
                 276,             0.01812,           0.0074283,           0.0013354,             0.87099,             0.82287,             0.86676,              0.5198,            0.028603,            0.013346,           0.0075554,           0.0072775,           0.0072775,           0.0072775
                 277,             0.01837,           0.0078638,           0.0016044,              0.8958,             0.77183,             0.84896,             0.50783,            0.029173,            0.013612,            0.010152,           0.0072676,           0.0072676,           0.0072676
                 278,            0.017193,           0.0076357,           0.0012294,             0.83861,             0.83884,             0.87534,             0.52017,            0.028681,            0.012559,           0.0090744,           0.0072577,           0.0072577,           0.0072577
                 279,            0.016603,           0.0071747,           0.0010254,             0.88656,             0.81786,             0.88225,             0.52454,             0.02855,            0.012515,           0.0082031,           0.0072478,           0.0072478,           0.0072478
                 280,            0.016907,           0.0067435,          0.00079186,             0.86719,             0.84171,             0.87573,             0.51034,            0.028714,            0.012889,           0.0085739,           0.0072379,           0.0072379,           0.0072379
                 281,            0.016074,            0.007512,           0.0015449,             0.87842,             0.81619,             0.87483,             0.51462,            0.028459,             0.01306,           0.0099228,            0.007228,            0.007228,            0.007228
                 282,            0.016444,           0.0066589,           0.0011371,             0.87606,             0.81881,             0.87319,              0.5126,            0.028623,            0.013107,           0.0099213,           0.0072181,           0.0072181,           0.0072181
                 283,            0.017866,           0.0067382,           0.0013743,             0.87117,             0.82238,              0.8659,             0.51576,            0.028969,            0.013332,           0.0097412,           0.0072082,           0.0072082,           0.0072082
                 284,            0.017062,           0.0074587,          0.00096986,             0.82672,             0.82211,               0.851,             0.51167,            0.028901,             0.01361,            0.009333,           0.0071983,           0.0071983,           0.0071983
                 285,            0.016809,           0.0072361,            0.001669,             0.85919,               0.822,             0.86717,             0.50282,            0.028948,            0.013331,           0.0075783,           0.0071884,           0.0071884,           0.0071884
                 286,            0.017003,            0.007661,            0.001539,             0.94735,             0.76929,             0.86995,             0.52173,            0.028876,             0.01326,           0.0065811,           0.0071785,           0.0071785,           0.0071785
                 287,            0.017184,           0.0074888,           0.0014041,             0.92108,             0.81792,             0.88089,             0.52359,            0.028714,            0.012979,           0.0064449,           0.0071686,           0.0071686,           0.0071686
                 288,            0.016527,           0.0073184,           0.0010051,             0.90549,             0.85238,             0.90196,             0.53169,            0.028645,            0.012866,           0.0064129,           0.0071587,           0.0071587,           0.0071587
                 289,            0.016965,           0.0085107,           0.0012755,             0.95534,             0.80572,             0.89445,             0.53165,            0.028513,            0.013163,            0.006617,           0.0071488,           0.0071488,           0.0071488
                 290,              0.0164,           0.0078771,          0.00099361,             0.93757,             0.81176,             0.89938,             0.53652,            0.028178,            0.013298,           0.0058548,           0.0071389,           0.0071389,           0.0071389
                 291,            0.017556,           0.0071313,          0.00098945,             0.88656,             0.85598,             0.89244,             0.51829,            0.028586,            0.013269,            0.005265,            0.007129,            0.007129,            0.007129
                 292,            0.017424,           0.0073666,           0.0010972,              0.8891,             0.86371,             0.90227,             0.51581,            0.028465,            0.013141,           0.0060837,           0.0071191,           0.0071191,           0.0071191
                 293,            0.017306,           0.0071648,           0.0010685,             0.87651,             0.83434,             0.87492,             0.51342,            0.028931,            0.013066,           0.0062077,           0.0071092,           0.0071092,           0.0071092
                 294,             0.01716,           0.0075493,           0.0011333,             0.87428,             0.84742,             0.88462,             0.52981,            0.028389,            0.012619,           0.0062378,           0.0070993,           0.0070993,           0.0070993
                 295,            0.016136,           0.0075239,          0.00072203,             0.88705,             0.81919,             0.87431,             0.52121,            0.028251,            0.012841,           0.0065826,           0.0070894,           0.0070894,           0.0070894
                 296,             0.01764,           0.0072911,            0.001157,             0.86922,             0.82822,             0.87932,              0.5215,            0.028365,             0.01282,           0.0074577,           0.0070795,           0.0070795,           0.0070795
                 297,            0.016886,           0.0082372,           0.0011089,             0.87254,             0.83579,             0.88778,             0.53669,             0.02804,            0.012722,           0.0069008,           0.0070696,           0.0070696,           0.0070696
                 298,            0.017887,            0.007301,          0.00083468,             0.90913,             0.80221,             0.86942,              0.5199,            0.028488,            0.012846,           0.0075325,           0.0070597,           0.0070597,           0.0070597
                 299,            0.015126,           0.0070775,          0.00090722,              0.8656,             0.81481,              0.8704,             0.51489,            0.028542,            0.012989,           0.0078712,           0.0070498,           0.0070498,           0.0070498
                 300,            0.016547,           0.0075866,           0.0010298,             0.91255,             0.81911,             0.87821,             0.52108,            0.028359,            0.012994,           0.0084305,           0.0070399,           0.0070399,           0.0070399
                 301,            0.016594,           0.0063484,           0.0011721,             0.92567,             0.79706,             0.87975,             0.51271,            0.028733,            0.013103,           0.0085152,             0.00703,             0.00703,             0.00703
                 302,            0.016899,           0.0070947,          0.00094482,             0.87543,             0.83391,              0.8779,             0.50379,            0.028929,            0.013205,           0.0084885,           0.0070201,           0.0070201,           0.0070201
                 303,            0.016473,             0.00724,          0.00092289,               0.897,                0.83,             0.88128,             0.51642,            0.028664,            0.013208,            0.007489,           0.0070102,           0.0070102,           0.0070102
                 304,            0.015629,           0.0074474,          0.00079615,             0.89232,             0.83275,             0.87711,              0.5213,             0.02841,             0.01337,            0.006411,           0.0070003,           0.0070003,           0.0070003
                 305,             0.01567,           0.0071032,           0.0011989,              0.8318,             0.82133,             0.86225,             0.49882,            0.028489,            0.014129,           0.0069061,           0.0069904,           0.0069904,           0.0069904
                 306,            0.016036,           0.0076996,           0.0011398,             0.83447,             0.81299,             0.85759,             0.49495,            0.028512,            0.014398,           0.0079384,           0.0069805,           0.0069805,           0.0069805
                 307,            0.015721,           0.0073266,           0.0013401,             0.85614,             0.82744,              0.8668,             0.49574,             0.02876,            0.014329,           0.0074257,           0.0069706,           0.0069706,           0.0069706
                 308,            0.016466,           0.0075265,          0.00079097,             0.85201,             0.83655,             0.86181,             0.50591,            0.029031,            0.014528,           0.0067101,           0.0069607,           0.0069607,           0.0069607
                 309,            0.015663,           0.0072641,           0.0010141,             0.83665,             0.81442,             0.84561,             0.50019,            0.028876,             0.01437,           0.0060593,           0.0069508,           0.0069508,           0.0069508
                 310,            0.016458,           0.0067073,          0.00091481,             0.90982,             0.80629,             0.87453,             0.51067,            0.028787,            0.014217,           0.0056789,           0.0069409,           0.0069409,           0.0069409
                 311,            0.017035,           0.0074552,           0.0013629,             0.92672,             0.77367,             0.86193,             0.50915,            0.028759,            0.014385,           0.0069893,            0.006931,            0.006931,            0.006931
                 312,            0.015477,           0.0072214,           0.0011613,             0.85703,             0.80816,              0.8594,             0.51167,            0.028585,            0.013811,           0.0095154,           0.0069211,           0.0069211,           0.0069211
                 313,            0.016237,           0.0073526,           0.0011605,             0.85526,             0.80767,             0.86161,             0.50982,            0.028366,            0.013546,            0.009243,           0.0069112,           0.0069112,           0.0069112
                 314,            0.015981,           0.0067531,           0.0014683,             0.87241,             0.80943,               0.863,             0.51598,             0.02832,            0.013796,           0.0092377,           0.0069013,           0.0069013,           0.0069013
                 315,            0.015186,           0.0070923,           0.0010731,             0.86519,             0.82482,             0.86806,             0.51769,            0.028063,            0.013809,           0.0082481,           0.0068914,           0.0068914,           0.0068914
                 316,            0.015403,           0.0070312,           0.0011643,             0.89243,             0.82401,             0.87557,             0.51175,            0.028666,            0.014051,           0.0056168,           0.0068815,           0.0068815,           0.0068815
                 317,            0.015624,           0.0068122,           0.0011043,             0.93042,             0.78873,              0.8749,              0.5122,            0.028602,            0.014591,           0.0052704,           0.0068716,           0.0068716,           0.0068716
                 318,            0.016099,           0.0072124,          0.00081514,             0.93737,             0.78768,             0.87992,             0.51893,            0.028483,            0.014455,           0.0045727,           0.0068617,           0.0068617,           0.0068617
                 319,             0.01502,           0.0066901,           0.0010242,             0.92461,             0.82237,             0.88245,             0.52543,            0.028448,            0.014068,           0.0041306,           0.0068518,           0.0068518,           0.0068518
                 320,            0.016063,            0.007093,           0.0011017,             0.92374,             0.80636,              0.8868,             0.53381,            0.028395,            0.013856,            0.004512,           0.0068419,           0.0068419,           0.0068419
                 321,            0.015842,           0.0072391,           0.0011752,             0.91824,             0.82729,             0.88895,             0.53707,            0.028343,            0.013984,           0.0047298,            0.006832,            0.006832,            0.006832
                 322,            0.015081,           0.0068815,            0.001169,             0.87927,             0.85764,             0.89104,             0.53298,            0.028605,            0.013823,           0.0057831,           0.0068221,           0.0068221,           0.0068221
                 323,            0.015772,           0.0061141,          0.00085086,             0.86183,             0.84918,             0.87971,             0.52539,            0.029024,             0.01377,           0.0079285,           0.0068122,           0.0068122,           0.0068122
                 324,            0.016265,           0.0073298,           0.0010701,             0.89865,             0.81486,             0.86049,             0.52171,            0.028479,            0.013598,           0.0088303,           0.0068023,           0.0068023,           0.0068023
                 325,            0.016939,           0.0074948,           0.0011357,             0.94414,             0.78371,             0.85879,              0.5156,            0.028233,             0.01351,           0.0079601,           0.0067924,           0.0067924,           0.0067924
                 326,            0.015256,           0.0067411,           0.0011029,             0.90428,             0.83304,             0.88142,             0.51303,            0.028032,            0.013524,           0.0065514,           0.0067825,           0.0067825,           0.0067825
                 327,            0.016365,            0.007268,           0.0015377,             0.91547,             0.83321,             0.87279,             0.52407,            0.028076,            0.013409,           0.0059349,           0.0067726,           0.0067726,           0.0067726
                 328,            0.016708,           0.0070498,            0.001221,             0.91642,              0.8253,             0.86937,             0.52085,            0.028131,            0.013594,           0.0053288,           0.0067627,           0.0067627,           0.0067627
